group,algorithm,n,ms,compares,moves,extra_bytes,max_depth,stable,sorted
random,quickSort,100000,25.6159,2265721,1370583,16,13,0,1
random,mergeSort,100000,36.7265,1605837,2345365,400008,18,1,1
random,heapSort,100000,36.1738,3019903,1875422,8,1,0,1
sorted,quickSort,100000,7.9242,1965532,99999,16,17,1,1
sorted,mergeSort,100000,0.9230,99999,0,400008,18,1,1
sorted,heapSort,100000,26.1394,3112517,1950852,8,1,1,1
reversed,quickSort,100000,8.6791,1965533,250005,16,17,1,1
reversed,mergeSort,100000,20.3458,953903,2483952,400008,18,1,1
reversed,heapSort,100000,28.4345,2926640,1797432,8,1,1,1
few_unique,quickSort,100000,22.5929,2050042,2283279,16,16,0,1
few_unique,mergeSort,100000,23.8609,1545865,2267636,400008,18,1,1
few_unique,heapSort,100000,24.3222,2762001,1717982,8,1,0,1
